percentage,time,iters,time per iterations,inertia
0.1,5252.69,500,10.51,878770.845200
0.2,571.77,31,18.44,1747007.037195
0.3,586.01,29,20.21,2617287.862552
0.4,575.09,26,22.12,3484229.350022
0.5,626.16,28,22.36,4322258.456706
0.6,681.18,29,23.49,5195166.314399
0.7,887.21,39,22.75,6079244.878676
0.8,1014.02,42,24.14,6944833.723599
0.9,915.90,33,27.75,7808800.244858
1.0,1019.97,37,27.57,8653438.290721
